,Lambda(Angstroms),Normalized Counts
0,1.0458867612180596,-65.18272425249165
1,1.0484361500327288,-507.67718880285133
2,1.0509855388473979,-60.937499999993406
3,1.0535349276620674,-794.7649918962746
4,1.0560843164767364,90.43295249549988
5,1.0586337052914057,679.7806004618886
6,1.061183094106075,-1896.5478841870852
7,1.0637324829207442,-1473.256578947383
8,1.0662818717354134,1581.089820359276
9,1.0688312605500827,-740.1351351351327
10,1.0713806493647522,-567.578947368417
11,1.0739300381794212,-276.18591549296525
12,1.0764794269940905,-276.1859154929615
13,1.0790288158087598,-723.506944444437
14,1.081578204623429,-491.27366609294063
15,1.084127593438098,-2380.1522248243577
16,1.0866769822527673,1260.4014598540166
17,1.0892263710674368,-625.7622130665115
18,1.091775759882106,-1515.787709497199
19,1.0943251486967753,389.25266903914365
20,1.0968745375114444,-755.0139275766052
21,1.0994239263261139,-1835.3054101221614
22,1.101973315140783,194.340567612683
23,1.1045227039554522,631.3710162357288
24,1.1070720927701214,-259.4820717131451
25,1.1096214815847907,288.78752207180275
26,1.11217087039946,471.35654261704906
27,1.1147202592141292,-1545.142517814727
28,1.1172696480287985,-1631.313131313137
29,1.1198190368434677,-1173.8709677419406
30,1.122368425658137,617.4074074073995
31,1.1249178144728063,-587.095588235283
32,1.1274672032874755,-1558.742314141976
33,1.1300165921021446,-1262.811428571426
34,1.1325659809168138,1633.4566473988345
35,1.1351153697314833,522.7161997563848
36,1.1376647585461526,-1534.7738981110458
37,1.1402141473608218,-434.65849387038816
38,1.1427635361754909,-1916.8421052631554
39,1.1453129249901601,-283.2946635730868
40,1.1478623138048294,460.28571428571547
41,1.1504117026194987,563.8039673278984
42,1.152961091434168,-1377.2695652173945
43,1.1555104802488372,286.571774682019
44,1.1580598690635067,-111.20963006459056
45,1.1606092578781757,-253.8288027761638
46,1.163158646692845,150.8502772643177
47,1.1657080355075142,-57.887828162296955
48,1.1682574243221835,-1759.6081771720546
49,1.1708068131368525,1957.7465630603647
50,1.1733562019515218,680.5472038484768
51,1.175905590766191,-2669.5217853347503
52,1.1784549795808605,-701.1945031712489
53,1.1810043683955298,344.7774480712137
54,1.183553757210199,548.9775990809871
55,1.1861031460248683,-1254.673851389674
56,1.1886525348395374,-485.9337016574598
57,1.1912019236542066,-1076.8716094032593
58,1.193751312468876,-963.3140543666783
59,1.1963007012835454,-615.4599056603713
60,1.1988500900982144,-1834.875846501127
61,1.2013994789128837,-325.0748951467965
62,1.2039488677275532,-1443.0612244898034
63,1.2064982565422222,-950.5913043478291
64,1.2090476453568915,-56.46441073511346
65,1.2115970341715607,-423.12925170068615
66,1.2141464229862298,-310.6418338108815
67,1.2166958118008993,302.9043280182215
68,1.2192452006155685,-859.0150637311724
69,1.2217945894302376,2066.8421052631606
70,1.224343978244907,-1099.0730643402421
71,1.2268933670595763,1391.9178082191804
72,1.2294427558742453,-1732.7953410981731
73,1.2319921446889146,-72.24557522123166
74,1.2345415335035839,60.54982817868847
75,1.2370909223182533,-2167.1444321940476
76,1.2396403111329224,-1904.0896199659646
77,1.2421896999475917,-1163.6685082872941
78,1.244739088762261,293.8152831225923
79,1.24728847757693,945.0
80,1.2498378663915994,108.03505045141605
81,1.2523872552062687,-1585.1384615384623
82,1.254936644020938,918.3394447354607
83,1.2574860328356072,74.76549865230186
84,1.2600354216502765,2348.278644432483
85,1.2625848104649455,457.3826903023928
86,1.2651341992796148,-635.8536585365738
87,1.267683588094284,-1737.391952309985
88,1.2702329769089535,-444.47018235583806
89,1.2727823657236226,885.2290076335913
90,1.275331754538292,780.2997002996926
91,1.2778811433529613,-202.9166666666599
92,1.2804305321676304,903.1081697854878
93,1.2829799209822996,750.5200729927074
94,1.2855293097969689,866.0141718334786
95,1.288078698611638,646.7651067696436
96,1.2906280874263074,-120.99675850892606
97,1.2931774762409767,1980.9278350515497
98,1.2957268650556462,1491.3793103448306
99,1.2982762538703152,323.94578313253476
100,1.3008256426849845,1138.7891361750194
101,1.3033750314996537,1121.10947832476
102,1.3059244203143228,796.6975088967909
103,1.308473809128992,1024.6644182124749
104,1.3110231979436615,-551.1147540983475
105,1.3135725867583308,2194.049665711557
106,1.316121975573,2571.992882562275
107,1.3186713643876693,2105.0000000000045
108,1.3212207532023383,172.40217391303588
109,1.3237701420170076,2546.921810699593
110,1.3263195308316769,947.0823885109533
111,1.3288689196463463,2260.295857988164
112,1.3314183084610154,1031.920801092403
113,1.3339676972756846,3880.8350996184763
114,1.336517086090354,2456.2454873646284
115,1.339066474905023,957.500909421608
116,1.3416158637196924,1654.449346682504
117,1.3441652525343617,1643.4224343675332
118,1.3467146413490307,2368.4883386121523
119,1.3492640301637002,2263.910878112719
120,1.3518134189783695,4287.250843121289
121,1.3543628077930385,12337.090807174902
122,1.3569121966077078,15185.362614913174
123,1.3594615854223773,11989.89646246764
124,1.3620109742370465,8178.816763662676
125,1.3645603630517156,5841.284511433365
126,1.367109751866385,3881.1785522307764
127,1.3696591406810543,3055.8764291784883
128,1.3722085294957234,3126.5286381099013
129,1.3747579183103926,3103.381182011894
130,1.3773073071250619,3095.3533247468886
131,1.379856695939731,3014.136206472267
132,1.3824060847544002,3196.323388215214
133,1.3849554735690697,3136.1436707697912
134,1.3875048623837392,3079.5989526587673
135,1.3900542511984082,2958.8289707124104
136,1.3926036400130775,3140.1380200894228
137,1.3951530288277467,3097.755765200582
138,1.3977024176424158,3021.6879370497304
139,1.400251806457085,3009.454910149696
140,1.4028011952717545,3096.406445243891
141,1.4053505840864238,3107.0834714056186
142,1.407899972901093,2980.7878485558867
143,1.4104493617157623,3020.071158703895
144,1.4129987505304313,3114.2811171212825
145,1.4155481393451006,2956.3323529946483
146,1.4180975281597699,2907.6233630733395
147,1.420646916974439,2718.398218121715
148,1.4231963057891084,2818.773392129485
149,1.4257456946037776,2708.8999494562436
150,1.4282950834184467,2707.2106075885567
151,1.4308444722331162,2808.735438326824
152,1.4333938610477854,2759.4874571891387
153,1.4359432498624547,2738.3857902833442
154,1.4384926386771237,2908.1920632504325
155,1.4410420274917932,2780.5043300988855
156,1.4435914163064625,2821.718782481469
157,1.4461408051211315,2743.8316261279815
158,1.448690193935801,2940.524800000002
159,1.4512395827504703,2790.5809324784723
160,1.4537889715651393,2943.1723522475245
161,1.4563383603798086,2826.3129977084045
162,1.4588877491944778,2773.2900102816293
163,1.4614371380091473,2920.805004776435
164,1.4639865268238164,2746.042393533038
165,1.4665359156384856,2812.1098329363685
166,1.4690853044531549,2854.2632445766676
167,1.471634693267824,2746.585183004827
168,1.4741840820824932,2813.6096549114227
169,1.4767334708971627,2722.362932893767
170,1.4792828597118317,2687.708088782684
171,1.4818322485265012,2684.055839831909
172,1.4843816373411705,2702.442456283044
173,1.4869310261558395,2746.396302692675
174,1.4894804149705088,2701.340324186875
175,1.492029803785178,2717.0178904741433
176,1.4945791925998475,2697.135299766729
177,1.4971285814145165,2704.832111739482
178,1.499677970229186,2696.687540397918
179,1.5022273590438553,2613.5192080331617
180,1.5047767478585243,2814.128997032635
181,1.5073261366731936,2710.97650245108
182,1.5098755254878629,2768.8561524031684
183,1.512424914302532,2770.952203032772
184,1.5149743031172012,2740.053124673507
185,1.5175236919318706,2735.084546366797
186,1.5200730807465397,2862.128954847163
187,1.5226224695612092,2812.0604346803293
188,1.5251718583758784,2772.6629897938774
189,1.5277212471905477,2754.7578034182334
190,1.5302706360052167,2661.970951709509
191,1.532820024819886,2827.45386281588
192,1.5353694136345555,2841.3067005208445
193,1.5379188024492247,2728.4250574607304
194,1.540468191263894,2711.2604276200527
195,1.5430175800785633,2826.6050752967226
196,1.5455669688932323,2869.226373541077
197,1.5481163577079016,2760.1893739372235
198,1.5506657465225708,2961.879533216693
199,1.5532151353372399,2926.943972725212
200,1.5557645241519094,2825.746554478953
201,1.5583139129665786,2911.7438948583626
202,1.5608633017812479,2808.9138330623655
203,1.563412690595917,2859.287353125219
204,1.5659620794105862,2882.3414532063
205,1.5685114682252552,2925.985639837875
206,1.5710608570399247,2913.0324994961975
207,1.5736102458545942,2889.6427877771603
208,1.5761596346692635,2946.819097916437
209,1.5787090234839325,2954.821007669444
210,1.581258412298602,2889.8621644580653
211,1.5838078011132712,2939.2400770967843
212,1.5863571899279405,2970.094096680776
213,1.5889065787426095,2899.8962748421372
214,1.5914559675572788,2955.407004228699
215,1.5940053563719483,2835.3654644317535
216,1.5965547451866173,2894.352533813487
217,1.5991041340012866,3032.4067950368726
218,1.6016535228159559,2958.808934170299
219,1.604202911630625,3057.0821707192063
220,1.6067523004452942,2963.739429359398
221,1.6093016892599636,2877.4405001968303
222,1.6118510780746327,2867.927150602185
223,1.6144004668893022,2794.4656339510125
224,1.6169498557039714,2794.1177100701416
225,1.6194992445186407,2685.0635727392273
226,1.6220486333333097,2726.8813457638703
227,1.624598022147979,2761.50261782533
228,1.6271474109626485,2740.8413949230553
229,1.6296967997773175,2807.7662506832867
230,1.632246188591987,2673.0297730888246
231,1.6347955774066563,2769.284587770196
232,1.6373449662213253,2767.4527942240475
233,1.6398943550359946,2674.294781250581
234,1.6424437438506638,2782.736018334211
235,1.6449931326653329,2759.8476384069927
236,1.6475425214800024,2768.8009441725508
237,1.6500919102946716,2703.3634381812553
238,1.6526412991093407,2562.0080626208855
239,1.65519068792401,2569.641706891566
240,1.6577400767386792,2541.3225574042126
241,1.6602894655533487,2509.896938400242
242,1.6628388543680177,2597.245119305857
243,1.665388243182687,2501.521697286894
244,1.6679376319973565,2508.870758635319
245,1.670487020812026,2560.1027694971435
246,1.673036409626695,2558.0938747343434
247,1.6755857984413642,2577.2083155514997
248,1.6781351872560335,2567.02362120471
249,1.6806845760707025,2663.297114460133
250,1.6832339648853718,2559.9083385631766
251,1.6857833537000413,2596.690367483141
252,1.6883327425147103,2534.397593675792
253,1.6908821313293796,2637.6090256318103
254,1.6934315201440489,2612.82099485639
255,1.695980908958718,2566.3629504739747
256,1.6985302977733872,2608.6023293060093
257,1.7010796865880564,2548.7410400954404
258,1.7036290754027257,2599.698652743352
259,1.7061784642173952,2579.7155906586986
260,1.7087278530320644,2659.4649652069643
261,1.7112772418467335,2565.800972247004
262,1.7138266306614027,2525.0201499100713
263,1.7163760194760722,2655.8997333621114
264,1.7189254082907415,2591.0239054196845
265,1.7214747971054105,2547.0842784854285
266,1.7240241859200798,2727.743284841688
267,1.7265735747347493,2574.9194910187484
268,1.7291229635494183,2554.253693028473
269,1.7316723523640876,2590.2672479662688
270,1.7342217411787568,2600.665310464832
271,1.7367711299934259,2558.4149781078854
272,1.7393205188080951,2663.8082699084425
273,1.7418699076227646,2575.2027170964925
274,1.7444192964374337,2654.11197147441
275,1.746968685252103,2529.014646883098
276,1.7495180740667724,2622.379370947926
277,1.7520674628814417,2602.6802292087136
278,1.7546168516961107,2707.130644787775
279,1.75716624051078,2620.3542139397277
280,1.7597156293254492,2639.476967667252
281,1.7622650181401185,2583.885753698136
282,1.764814406954788,2780.143527744558
283,1.7673637957694572,2646.098343676144
284,1.7699131845841263,2718.224369164229
285,1.7724625733987955,2714.539923224569
286,1.7750119622134648,2686.7203816689507
287,1.7775613510281338,2642.5237532275023
288,1.7801107398428033,2765.788881844354
289,1.7826601286574726,2698.014736312505
290,1.7852095174721418,2700.569654750673
291,1.787758906286811,2713.015883825559
292,1.7903082951014802,2600.420913503625
293,1.8771866858013808,2821.4765158232303
294,1.87973607461605,2876.065682070561
295,1.8822854634307193,2921.047251452487
296,1.8848348522453884,2760.6023532166537
297,1.8873842410600576,2952.8292599199385
298,1.8899336298747271,2874.976082441256
299,1.8924830186893962,2954.5240927062923
300,1.8950324075040654,2853.2518451697524
301,1.897581796318735,2943.153332225993
302,1.900131185133404,2883.869190744407
303,1.9026805739480732,2931.178967010565
304,1.9052299627627425,2932.248496737153
305,1.907779351577412,2921.3653599029194
306,1.910328740392081,2995.874127804091
307,1.9128781292067505,2984.951435542718
308,1.9154275180214198,2910.553022844053
309,1.9179769068360888,2811.5172805228985
310,1.920526295650758,2817.7156934950085
311,1.9230756844654273,2929.843725149879
312,1.9256250732800964,2991.683379986442
313,1.9281744620947658,3020.2271054255352
314,1.930723850909435,2915.7897254736426
315,1.9332732397241041,2872.248175364923
316,1.9358226285387734,2957.424285321773
317,1.9383720173534427,2960.906371280731
318,1.9409214061681117,3044.530189236164
319,1.9434707949827812,3047.7682576116877
320,1.9460201837974507,2990.149562227917
321,1.9485695726121197,3019.735547407193
322,1.9511189614267892,3016.2037778088725
323,1.9536683502414585,2946.6835236175207
324,1.9562177390561277,3004.5361017320492
325,1.9587671278707968,2933.1348448136114
326,1.961316516685466,2958.6749639608497
327,1.9638659055001353,2987.442052260255
328,1.9664152943148048,3104.397190693111
329,1.9689646831294738,3001.0853872776443
330,1.971514071944143,3075.6492006173435
331,1.9740634607588123,3025.90004239067
332,1.9766128495734814,3025.9750106528745
333,1.9791622383881506,2939.1452325096648
334,1.9817116272028197,3072.4821338744287
335,1.9842610160174892,3086.138774805725
336,1.9868104048321584,3042.3426380457213
337,1.9893597936468281,3190.0367131700086
338,1.9919091824614967,3102.789377932395
339,1.9944585712761664,3103.381051607829
340,1.9970079600908353,3064.452474045527
341,1.999557348905505,3108.267456640432
342,2.0021067377201742,3085.2097844958917
343,2.0046561265348437,3132.705959045502
344,2.0072055153495127,3128.7638393434663
345,2.009754904164182,3152.3505084832886
346,2.012304292978851,3084.512080914025
347,2.0148536817935203,3094.1541867169
348,2.0174030706081894,3243.134154877856
349,2.0199524594228584,3208.3027178092802
350,2.022501848237528,3142.550770198045
351,2.0250512370521974,3099.2111276529486
352,2.027600625866867,3205.2434140215337
353,2.0301500146815354,3237.4551315772405
354,2.0326994034962054,3141.7983834675415
355,2.035248792310874,3078.166642207995
356,2.0377981811255435,3210.211224376708
357,2.0403475699402125,3216.502163360293
358,2.0428969587548824,3216.652396822786
359,2.045446347569551,3291.715314081004
360,2.0479957363842205,3269.3789997528797
361,2.05054512519889,3189.4632839657447
362,2.053094514013559,3204.3735469640405
363,2.055643902828228,3329.132779704592
364,2.0581932916428975,3308.2601110331493
365,2.060742680457567,3279.9741572698467
366,2.063292069272236,3218.808366025738
367,2.065841458086905,3159.5477137886824
368,2.0683908469015746,3368.5955738616067
369,2.0709402357162436,3320.987689038196
370,2.0734896245309127,3286.4992137065756
371,2.0760390133455826,3218.626058531954
372,2.078588402160251,3224.0492787338962
373,2.0811377909749207,3180.4891856847116
374,2.0836871797895897,3136.4756841460453
375,2.0862365686042597,3216.767416864808
376,2.0887859574189283,3126.278899376256
377,2.0913353462335977,3061.05111528191
378,2.093884735048267,3012.5011139492535
379,2.0964341238629363,3052.675547467101
380,2.0989835126776057,3124.032526229561
381,2.101532901492275,3128.00029262603
382,2.104082290306944,3137.271443568212
383,2.1066316791216133,3142.0876214877026
384,2.1091810679362823,3162.6687247025475
385,2.1117304567509514,3206.0523458899293
386,2.114279845565621,3211.1117566108787
387,2.1168292343802904,3014.93950631877
388,2.11937862319496,3063.9643368890315
389,2.1219280120096284,3110.285079803405
390,2.1244774008242984,3120.739012945028
391,2.127026789638967,3132.962745576442
392,2.1295761784536364,3146.779716322608
393,2.1321255672683055,3173.327376324525
394,2.134674956082975,3136.1778660412056
395,2.137224344897644,3177.665964763592
396,2.1397737337123135,3200.3006439666397
397,2.142323122526983,3188.75309989088
398,2.144872511341652,3147.444523034321
399,2.147421900156321,3269.93967324385
400,2.1499712889709905,3183.3794713928173
401,2.1525206777856596,3229.212787580738
402,2.155070066600329,3295.7126927312797
403,2.157619455414998,3248.1035764059734
404,2.1601688442296676,3141.5321340445716
405,2.162718233044337,3117.5665320373237
406,2.1652676218590057,3160.35931731066
407,2.1678170106736756,3077.5298128137174
408,2.170366399488344,3089.003969226892
409,2.1729157883030137,2979.7643620269055
410,2.1754651771176827,2779.1916044447134
411,2.1780145659323527,2719.3304014152736
412,2.1805639547470212,2720.9781958086223
413,2.1831133435616907,2679.092593876813
414,2.18566273237636,2620.5348748026904
415,2.1882121211910293,2617.9805793518817
416,2.1907615100056983,2596.811737740178
417,2.193310898820368,2568.1844823537995
418,2.195860287635037,2560.3018028568813
419,2.1984096764497063,2579.2485169135907
420,2.2009590652643753,2491.2913399444087
421,2.2035084540790444,2555.0542720820877
422,2.206057842893714,2606.0176652446635
423,2.2086072317083834,2627.6586414896337
424,2.211156620523053,2514.612409459808
425,2.2137060093377214,2455.543482630197
426,2.2162553981523914,2515.810663309604
427,2.21880478696706,2428.335611639218
428,2.2213541757817294,2514.5451880664805
429,2.2239035645963985,2460.4009596693627
430,2.226452953411068,2652.1912989565294
431,2.229002342225737,2489.7607362393574
432,2.2315517310404065,2460.4647761555298
433,2.234101119855076,2539.761116059016
434,2.236650508669745,2504.457232529153
435,2.239199897484414,2548.2572751555867
436,2.2417492862990835,2486.1410208905872
437,2.2442986751137526,2527.2992153730443
438,2.246848063928422,2552.7741667329997
439,2.249397452743091,2522.680595080871
440,2.2519468415577606,2469.676806307928
441,2.25449623037243,2547.446147484049
442,2.2570456191870987,2540.903317941982
443,2.2595950080017686,2582.207492877393
444,2.262144396816437,2472.457331192384
445,2.2646937856311067,2609.865645600105
446,2.2672431744457757,2507.814231099326
447,2.2697925632604457,2550.3979836159874
448,2.2723419520751142,2558.500619033658
449,2.2748913408897837,2584.715569635656
450,2.277440729704453,2587.2809302708265
451,2.2799901185191223,2590.0718900032753
452,2.2825395073337913,2572.1701332137113
453,2.285088896148461,2594.441151574074
454,2.28763828496313,2571.1317297692476
455,2.2901876737777993,2612.6897382740317
456,2.2927370625924683,2633.41168465543
457,2.2952864514071374,2631.1963687108914
458,2.2978358402218073,2649.745654851843
459,2.300385229036476,2636.14244944392
460,2.302934617851146,2619.322840634621
461,2.3054840066658144,2588.1512740880034
462,2.3080333954804844,2600.3260631745907
463,2.310582784295153,2657.2739773491394
464,2.3131321731098224,2628.0210578747087
465,2.3156815619244915,2587.022007595337
466,2.318230950739161,2678.8324678780987
467,2.32078033955383,2654.8846052075373
468,2.3233297283684995,2698.298623669363
469,2.325879117183169,2596.3556608837334
470,2.3284285059978376,2789.2422985785556
471,2.330977894812507,2602.475600862892
472,2.3335272836271765,2648.5813904061997
473,2.3360766724418456,2680.9583928345523
474,2.338626061256515,2646.0147510077777
475,2.341175450071184,2605.4335500217994
476,2.3437248388858536,2686.08516865568
477,2.3462742277005226,2740.0110663706682
478,2.3488236165151917,2766.2829936815824
479,2.351373005329861,2730.248202937488
480,2.35392239414453,2808.7136239239376
481,2.3564717829592,2705.427085646601
482,2.3590211717738683,2712.8835148082526
483,2.3615705605885386,2659.1701439695826
484,2.364119949403207,2628.4419776806644
485,2.3666693382178767,2734.0437855516625
486,2.3692187270325458,2673.3196321574196
487,2.3717681158472153,2657.701073678294
488,2.3743175046618847,2766.0971983373
489,2.3768668934765533,2740.3457658919788
490,2.379416282291223,2749.4562707171076
491,2.381965671105892,2696.627654257208
492,2.3845150599205613,2693.6452179905245
493,2.387064448735231,2683.6362455729727
494,2.3896138375499003,2663.2820851720853
495,2.3921632263645694,2709.3591755102993
496,2.394712615179239,2866.854742033309
497,2.3972620039939074,2763.058154682116
498,2.399811392808577,2778.9108283637624
499,2.402360781623246,2736.392122672954
500,2.4049101704379154,2691.838341782467
501,2.4074595592525845,2808.6177427614566
502,2.4100089480672544,2806.9575758733604
503,2.412558336881923,2810.281886299146
504,2.4151077256965925,2742.3312643027493
505,2.4176571145112615,2808.701237710783
506,2.420206503325931,2741.653650908833
507,2.4227558921406,2748.0854333504353
508,2.4253052809552695,2817.028471365502
509,2.427854669769939,2717.342936890602
510,2.4304040585846076,2881.382710351957
511,2.4329534473992775,2908.795728473542
512,2.435502836213946,2775.7598726205315
513,2.438052225028616,2739.403916152508
514,2.4406016138432847,2830.727603467869
515,2.4431510026579546,2817.8231506690317
516,2.445700391472623,2790.0911663421293
517,2.4482497802872927,2726.159713782545
518,2.4507991691019617,2819.694797587874
519,2.453348557916631,2824.5803974133637
520,2.4558979467313007,2850.946581106195
521,2.4584473355459697,2955.1830626076726
522,2.460996724360639,2876.0824364960718
523,2.463546113175308,2851.5911839806454
524,2.4660955019899773,2790.4856671998223
525,2.4686448908046468,2852.08289462877
526,2.471194279619316,2871.120950204167
527,2.4737436684339853,2880.6466756762384
528,2.476293057248654,2827.849331024165
529,2.4788424460633234,2778.366262882598
530,2.481391834877993,2819.250418146616
531,2.483941223692662,2899.6919020497903
532,2.486490612507332,2853.108903272524
533,2.4890400013220004,2981.695801352005
534,2.4915893901366704,2919.6943942442585
535,2.4941387789513385,3039.247398969288
536,2.4966881677660084,2962.152486187845
537,2.4992375565806775,2954.1730512338813
538,2.501786945395347,2987.8861776179847
539,2.5043363342100164,2971.252217764344
540,2.5068857230246855,2873.682647965139
541,2.509435111839355,2914.2627885329666
542,2.5119845006540236,2936.359601634951
543,2.514533889468693,3095.738249561251
544,2.517083278283362,3054.320290572885
545,2.5196326670980316,3016.391223298592
546,2.522182055912701,2968.521337503509
547,2.5247314447273705,2934.339188816337
548,2.527280833542039,2973.684805330923
549,2.5298302223567086,3014.5816254162896
550,2.5323796111713777,2992.1141885182187
551,2.534928999986047,3049.0991294883593
552,2.537478388800716,2984.131698345872
553,2.5400277776153857,2876.181231751337
554,2.5425771664300543,2905.649066600955
555,2.5451265552447246,2849.569116380286
556,2.5476759440593932,2808.897645000637
557,2.5502253328740627,2763.664809017968
558,2.5527747216887318,2659.573097666942
559,2.5553241105034012,2592.6558161047333
560,2.5578734993180707,2471.012023873739
561,2.5604228881327393,2560.3678836770914
562,2.562972276947409,2534.375371010864
563,2.565521665762078,2539.15098285236
564,2.568071054576748,2397.8666534775743
565,2.5706204433914164,2482.2495320517864
566,2.5731698322060863,2470.3281800906007
567,2.5757192210207553,2445.4943270254203
568,2.5782686098354244,2457.702393529143
569,2.5808179986500934,2490.4502706916346
570,2.583367387464763,2456.011144756403
571,2.585916776279432,2425.0059724746798
572,2.5884661650941014,2453.193997638277
573,2.591015553908771,2491.1094067171794
574,2.5935649427234395,2510.8431018936035
575,2.596114331538109,2414.349136503087
576,2.5986637203527785,2436.9216600513564
577,2.6012131091674475,2392.760341943273
578,2.603762497982117,2434.9105470399563
579,2.606311886796786,2491.482609977339
580,2.6088612756114555,2483.5073988148733
581,2.611410664426124,2429.4560489042888
582,2.6139600532407936,2450.7944460244944
583,2.616509442055463,2422.7991207619584
584,2.619058830870132,2505.6149263452016
585,2.621608219684802,2402.2656261454836
586,2.6241576084994707,2451.4331977998318
587,2.6267069973141406,2490.7222454933535
588,2.629256386128809,2403.3278814202813
589,2.6318057749434787,2496.9507664527064
590,2.6343551637581477,2485.5203836693872
591,2.636904552572817,2483.4088317524893
592,2.6394539413874867,2495.1615536847585
593,2.6420033302021557,2472.003160413337
594,2.6445527190168248,2396.416648900031
595,2.647102107831494,2531.6176131426564
596,2.6496514966461633,2573.561660952232
597,2.6522008854608328,2319.856856262544
598,2.654750274275502,2438.4152986918007
599,2.6572996630901713,2557.4149983881243
600,2.6598490519048408,2557.7004677660348
601,2.6623984407195094,2553.356500515093
602,2.664947829534179,2452.5571070202873
603,2.667497218348848,2499.2607489668185
604,2.6700466071635174,2563.347787215014
605,2.6725959959781864,2495.204806280528
606,2.6751453847928564,2464.070783019614
607,2.6776947736075245,2504.4115490340328
608,2.6802441624221944,2589.7562265481465
609,2.6827935512368635,2581.430395946242
610,2.685342940051533,2573.478498874762
611,2.687892328866202,2514.5463379044804
612,2.6904417176808715,2594.5990116491157
613,2.692991106495541,2601.7731857488707
614,2.6955404953102096,2476.5267087576667
615,2.698089884124879,2528.1271623153434
616,2.700639272939548,2508.7959401681337
617,2.703188661754218,2545.607376872254
618,2.705738050568887,2581.3044544162303
619,2.7082874393835565,2584.583537148302
620,2.710836828198225,2508.118606662696
621,2.7133862170128946,2542.043263503332
622,2.7159356058275637,2597.3154124282682
623,2.718484994642233,2574.0573816029237
624,2.721034383456902,2617.549770106149
625,2.7235837722715717,2515.6162625521747
626,2.726133161086241,2619.543220727959
627,2.72868254990091,2605.7488475295286
628,2.7312319387155792,2507.8205024890194
629,2.7337813275302487,2695.4060561893384
630,2.7363307163449178,2692.5043443221543
631,2.7388801051595872,2613.946605012626
632,2.7414294939742563,2675.970991566963
633,2.7439788827889253,2634.5359365808017
634,2.746528271603595,2574.9669009721533
635,2.749077660418264,2591.5323831494834
636,2.7516270492329338,2651.3047291026764
637,2.7541764380476024,2544.820186882789
638,2.7567258268622723,2575.1118299887466
639,2.7592752156769405,2633.5037964884414
640,2.7618246044916104,2649.3422995120786
641,2.7643739933062794,2581.4784896260626
642,2.766923382120949,2657.7104276268883
643,2.769472770935618,2653.1970032968807
644,2.7720221597502874,2705.938927290968
645,2.774571548564957,2698.2295362190243
646,2.7771209373796255,2737.9523922976996
647,2.779670326194295,2805.164811607124
648,2.782219715008964,2656.78253872862
649,2.7847691038236335,2633.962803810832
650,2.787318492638303,2623.440248007693
651,2.789867881452972,2680.43123842016
652,2.7924172702676415,2717.5800348073444
653,2.7949666590823106,2620.8184728335564
654,2.7975160478969796,2741.976887825109
655,2.800065436711649,2780.213726826463
656,2.802614825526318,2683.7792424196105
657,2.805164214340988,2744.5827098907203
658,2.807713603155656,2728.8685634825606
659,2.8102629919703266,2695.9215458505932
660,2.8128123807849947,2627.2701770420244
661,2.8153617695996647,2691.899049207678
662,2.8179111584143337,2706.9114930107626
663,2.820460547229003,2720.209768266479
664,2.8230099360436727,2726.216149031119
665,2.8255593248583417,2658.847256999429
666,2.8281087136730108,2726.904133950002
667,2.83065810248768,2761.2694226613885
668,2.8332074913023493,2712.075202868671
669,2.8357568801170183,2735.512589537902
670,2.8383062689316882,2754.036192034882
671,2.8408556577463573,2786.469469899269
672,2.8434050465610268,2653.735548662449
673,2.8459544353756954,2788.1676056717233
674,2.848503824190365,2730.2805505107085
675,2.851053213005034,2745.9768713486355
676,2.8536026018197034,2789.959447979363
677,2.8561519906343724,2728.145716701605
678,2.8587013794490415,2805.043203278453
679,2.861250768263711,2687.540337021245
680,2.8638001570783804,2809.6487308324754
681,2.8663495458930495,2822.8547249647345
682,2.868898934707719,2748.7904961344902
683,2.871448323522388,2775.1336738879127
684,2.8739977123370575,2826.6042090758156
685,2.876547101151727,2843.163104638058
686,2.8790964899663956,2817.2502134400006
687,2.881645878781065,2837.2309775633385
688,2.884195267595734,2885.2130144664943
689,2.886744656410404,2922.924103950505
690,2.8892940452250726,2799.583842876811
691,2.8918434340397425,2832.1449558195372
692,2.894392822854411,2813.7651212943047
693,2.8969422116690806,2854.686468749414
694,2.8994916004837497,2904.9488939811527
695,2.902040989298419,2886.397484841683
696,2.904590378113088,2872.558265582652
697,2.9071397669277577,2771.748889605026
698,2.909689155742427,2940.4916632109384
699,2.9122385445570957,2881.45644486123
700,2.9147879333717652,2874.688693023234
701,2.9173373221864347,2914.4178551082214
702,2.9198867110011038,2957.0873148576356
703,2.9224360998157732,2930.3509900307836
704,2.924985488630442,2897.99876773765
705,2.9275348774451113,2801.553148636295
706,2.930084266259781,2904.3345230722043
707,2.93263365507445,2917.898941146559
708,2.9351830438891193,3014.7707681476177
709,2.9377324327037884,2966.8620377849093
710,2.9402818215184583,2976.2269859273497
711,2.9428312103331264,2894.987070605559
712,2.9453805991477964,2982.2268591189572
713,2.9479299879624654,2940.215337051238
714,2.950479376777135,2945.0655426528765
715,2.953028765591804,2941.45998947456
716,2.9555781544064734,3067.750342823293
717,2.958127543221143,2921.894777104363
718,2.9606769320358115,3029.709698529299
719,2.963226320850481,2999.091219442206
720,2.96577570966515,2949.233294162568
721,2.9683250984798195,2949.811778489724
722,2.970874487294489,2948.6865499048354
723,2.9734238761091585,2976.613222345978
724,2.975973264923827,3006.1106113982387
725,2.9785226537384966,3036.4578425691125
726,2.9810720425531656,3021.56298029519
727,2.983621431367835,2959.489446202848
728,2.986170820182504,3005.093704330971
729,2.9887202089971736,3027.476211433683
730,2.991269597811842,2988.9238910202994
731,2.9938189866265126,3006.3578154106635
732,2.9963683754411807,3062.916639007326
733,2.9989177642558507,2936.3855683251027
734,3.0014671530705193,2978.209091165171
735,3.004016541885189,3013.096417424059
736,3.0065659306998582,3057.1110615062325
737,3.0091153195145273,2998.7032045522647
738,3.0116647083291967,2917.579078636215
739,3.014214097143866,3075.491866039474
740,3.0167634859585357,3213.73320033691
741,3.0193128747732043,3041.806539785387
742,3.0218622635878742,3156.0987637901144
743,3.0244116524025424,3038.2663198413065
744,3.0269610412172128,3048.1899226400596
745,3.0295104300318814,3044.7188112318986
746,3.032059818846551,2908.8881883864888
747,3.03460920766122,2965.4132143181387
748,3.1220054429641,3490.277071745243
749,3.1245548317787697,3461.3465849888958
750,3.1271042205934383,3518.5996529216277
751,3.1296536094081078,3557.680097768387
752,3.132202998222777,3546.973458892461
753,3.1347523870374467,3513.211444334952
754,3.1373017758521153,3602.3959476086607
755,3.1398511646667853,3469.193251407104
756,3.1424005534814543,3442.4408185100983
757,3.1449499422961233,3500.788837938102
758,3.1474993311107924,3566.0083553009918
759,3.150048719925462,3575.220069056939
760,3.1525981087401314,3543.10094918083
761,3.1551474975548004,3522.544808089416
762,3.1576968863694703,3561.5720854747083
763,3.1602462751841385,3542.799587066657
764,3.1627956639988084,3456.934919069248
765,3.1653450528134774,3511.0060458944777
766,3.167894441628147,3450.357364041849
767,3.170443830442816,3586.491968345604
768,3.1729932192574855,3497.259297008981
769,3.1755426080721545,3601.8360581704273
770,3.1780919968868235,3492.91990597923
771,3.1806413857014926,3528.3922316227336
772,3.183190774516162,3582.37843030249
773,3.185740163330831,3607.563219464353
774,3.188289552145501,3576.3032988311825
775,3.190838940960169,3583.4462946448093
776,3.1933883297748396,3551.9176363812185
777,3.1959377185895086,3766.1551740588357
778,3.1984871074041776,3629.0955326298017
779,3.201036496218847,3538.126391982177
780,3.203585885033516,3590.4230960232844
781,3.2061352738481856,3645.477131513563
782,3.2086846626628542,3563.410398060394
783,3.2112340514775246,3621.451054021008
784,3.2137834402921928,3617.632592134854
785,3.2163328291068627,3461.750371631987
786,3.2188822179215313,3577.6790033244642
787,3.221431606736201,3530.5808195728264
788,3.2239809955508703,3509.4295760772416
789,3.2265303843655397,3557.793541166777
790,3.2290797731802083,3652.459416910866
791,3.231629161994878,3733.419259692616
792,3.234178550809547,3598.6974474627496
793,3.2367279396242163,3571.681240465123
794,3.2392773284388854,3738.4928883099838
795,3.2418267172535553,3709.1114294400413
796,3.244376106068225,3659.6136519530605
797,3.2469254948828934,3630.579922602441
798,3.249474883697563,3676.1044531768366
799,3.252024272512232,3652.482073864725
800,3.2545736613269014,3725.9915968582345
801,3.2571230501415704,3604.5006299979336
802,3.25967243895624,3749.277601090413
803,3.2622218277709085,3723.4633008449637
804,3.2647712165855785,3749.9866332285246
805,3.267320605400247,3562.851799183221
806,3.269869994214917,3643.4615458411895
807,3.2724193830295856,3716.5442692074193
808,3.2749687718442555,3792.549906011908
809,3.277518160658924,3863.8769447688287
810,3.2800675494735936,3736.4216613220024
811,3.2826169382882626,3897.3145254782166
812,3.285166327102932,3652.4418546944607
813,3.287715715917602,3846.777037128997
814,3.2902651047322706,3753.2113438507095
815,3.2928144935469406,3662.3578138748485
816,3.2953638823616087,3743.680438783953
817,3.2979132711762786,3782.9081756124756
818,3.3004626599909477,3865.2719906965067
819,3.303012048805617,3966.7651738358527
820,3.305561437620286,3809.1352695543046
821,3.3081108264349557,3803.7499008906566
822,3.3106602152496243,3751.0434511998856
823,3.3132096040642938,3892.596662046029
824,3.315758992878963,3884.096767603192
825,3.3183083816936327,3862.5422373332613
826,3.3208577705083013,3821.937461947088
827,3.3234071593229713,3804.5040295703766
828,3.3259565481376394,3875.5865210759707
829,3.3285059369523093,3790.22021344109
830,3.331055325766979,3842.035181308659
831,3.333604714581648,3761.0450358343387
832,3.3361541033963173,3771.5290310324635
833,3.3387034922109864,3922.6255914924927
834,3.3412528810256563,3898.248793152229
835,3.3438022698403245,3818.6978264656727
836,3.3463516586549944,3727.0215542420187
837,3.348901047469663,3821.1402746333415
838,3.351450436284333,3823.598358387897
839,3.353999825099002,3881.6344960825027
840,3.3565492139136714,3928.9626629646277
841,3.35909860272834,3939.633060396666
842,3.3616479915430095,3914.279053459429
843,3.3641973803576786,3882.0626057983704
844,3.366746769172348,3835.634698442626
845,3.369296157987017,3790.1837607088955
846,3.3718455468016866,3956.99167443474
847,3.374394935616355,3973.4363600506776
848,3.376944324431025,3886.9595148161998
849,3.3794937132456946,3901.1183650331905
850,3.3820431020603636,3902.5452394084487
851,3.384592490875033,3928.1114684867625
852,3.387141879689702,3858.3425455328197
853,3.3896912685043716,3980.5861868416778
854,3.3922406573190402,3877.9539280747604
855,3.3947900461337097,3955.3234176528076
856,3.3973394349483788,3934.0593842207736
857,3.3998888237630487,3908.93766861708
858,3.4024382125777173,3971.647798042436
859,3.404987601392387,4078.8587443130073
860,3.4075369902070562,3956.589043901445
861,3.4100863790217253,3978.838522066362
862,3.4126357678363943,3974.157359816647
863,3.415185156651064,3998.6645076095674
864,3.417734545465733,3943.173544525604
865,3.4202839342804023,3920.87915275289
866,3.4228333230950723,4034.3414683302426
867,3.4253827119097404,3976.3261254187078
868,3.427932100724411,4175.179900721243
869,3.4304814895390794,3869.2226493622975
870,3.433030878353749,3945.291277642971
871,3.435580267168418,3951.991701453957
872,3.4381296559830874,4042.700162669494
873,3.4406790447977564,4056.14446710804
874,3.4432284336124255,4061.49422060703
875,3.4457778224270945,4079.289009429184
876,3.448327211241764,4185.817688764349
877,3.450876600056433,4083.8478320919976
878,3.453425988871103,4165.530496508627
879,3.4559753776857716,4063.639547922457
880,3.4585247665004415,4118.296411248214
881,3.4610741553151096,4045.933345815387
882,3.4636235441297796,3932.7397114935447
883,3.466172932944449,4010.6817422621134
884,3.468722321759118,4121.065673397382
885,3.4712717105737876,4178.702348924664
886,3.4738210993884566,4119.8241052309495
887,3.4763704882031266,4077.549459703822
888,3.4789198770177947,4006.656114361759
889,3.4814692658324646,4193.960053411067
890,3.4840186546471337,4066.9571876420923
891,3.486568043461803,4194.9304503291105
892,3.489117432276472,4188.243436523402
893,3.4916668210911417,4055.5411781268303
894,3.4942162099058103,4118.193863591941
895,3.4967655987204798,3974.298985778165
896,3.499314987535149,4235.62632863555
897,3.5018643763498183,4188.111362111011
898,3.5044137651644873,4035.1585163696654
899,3.5069631539791573,4256.043794061974
900,3.5095125427938254,4169.047662069928
901,3.5120619316084953,3981.284106028739
902,3.514611320423165,4220.691035929541
903,3.517160709237834,4194.436831727156
904,3.5197100980525033,4224.035896963653
905,3.5222594868671724,3940.3583078165957
906,3.524808875681842,4128.118663952865
907,3.5273582644965105,4184.135773609237
908,3.5299076533111804,4083.892729279724
909,3.532457042125849,4222.691428555435
910,3.535006430940519,4230.786150103052
911,3.5375508404801588,4069.642427618964
912,3.5401151671199145,4181.348267064021
913,3.542654597384526,4182.060096859412
914,3.5451940276491385,4225.882072235137
915,3.5477583542888933,4214.896500435579
916,3.5502977845535053,4260.179887308779
917,3.552862111193261,4164.7286450835745
918,3.5554015414578726,4285.529461833645
919,3.557940971722484,4224.7219556905
920,3.56050529836224,4270.204961037616
921,3.5630447286268523,4318.458898187849
922,3.5656090552666067,4399.533282658265
923,3.568148485531219,4201.5222704208645
924,3.570687915795831,4231.505713352923
925,3.573252242435586,4252.280506373165
926,3.575791672700198,4045.8403526725897
927,3.5783559993399536,4311.773704871393
928,3.5808954296045648,4309.890602289939
929,3.583434859869177,4343.23600687011
930,3.5859991865089316,4185.261584256945
931,3.5885386167735445,4111.963788055171
932,3.5911029434132993,4267.891218008219
933,3.5936423736779113,4178.497102692785
934,3.596181803942523,4050.7853907807666
935,3.5987461305822785,4131.58042853135
936,3.60128556084689,4074.6329430801343
937,3.6038498874866454,3942.7071928121554
938,3.6063893177512583,3845.7851866276096
939,3.6089287480158694,3654.375208770686
940,3.611493074655625,3502.8505466829224
941,3.614032504920236,3514.767819247721
942,3.616596831559992,3565.952320825592
943,3.619136261824604,3469.6439649534063
944,3.6216756920892164,3485.5409639623067
945,3.6242400187289707,3464.4808928831426
946,3.626779448993583,3379.3834992811617
947,3.6293437756333375,3414.5699614890937
948,3.63188320589795,3332.7924480630663
949,3.634422636162562,3355.5579198552973
950,3.6369869628023177,3361.1285640598944
951,3.639526393066929,3384.735349311703
952,3.6420907197066845,3343.586522612145
953,3.6446301499712956,3458.0331764348684
954,3.6471695802359085,3473.1583450219314
955,3.649733906875664,3396.3638633342207
956,3.6522733371402754,3370.0164939454553
957,3.654837663780031,3162.25499367681
958,3.6573770940446426,3440.9626253302436
959,3.6599165243092546,3380.045418052529
960,3.6624808509490094,3253.3317873115757
961,3.6650202812136223,3420.428143527667
962,3.6675846078533767,3365.8026103259153
963,3.670124038117989,3314.9562475698467
964,3.6726634683826003,3384.1148193876224
965,3.675227795022356,3545.5795043430508
966,3.677767225286968,3224.3382047011355
967,3.680331551926723,3377.594397645702
968,3.682870982191335,3425.161954292992
969,3.6854104124559472,3331.3027604898725
970,3.687974739095703,3340.399146329129
971,3.690514169360314,3423.483245708503
972,3.6930784960000698,3447.610034375857
973,3.6956179262646813,3504.2140532108824
974,3.698157356529294,3369.607824949683
975,3.7007216831690486,3515.759883622571
976,3.7032611134336606,3404.055728544183
977,3.7058254400734154,3440.472320934382
978,3.708364870338028,3325.948130846129
979,3.7109043006026394,3315.0635892604832
980,3.713468627242395,3315.79255442428
981,3.7160080575070062,3432.846102490449
982,3.718572384146762,3450.065241908428
983,3.7211118144113735,3325.8246275790107
984,3.723651244675986,3525.081006605339
985,3.7262155713157408,3414.321496885779
986,3.7287550015803532,3416.851087544507
987,3.731319328220109,3428.3996594323403
988,3.73385875848472,3378.997277168912
989,3.7363981887493316,3390.646339132096
990,3.738962515389087,3447.155544097157
991,3.7415019456536998,3353.954961314196
992,3.7440662722934546,3334.3998818056243
993,3.7466057025580666,3496.850970765213
994,3.749145132822678,3426.7160304752674
995,3.751709459462434,3449.0341767174787
996,3.7542488897270454,3335.5700138056923
997,3.7568132163668007,3484.246050380703
998,3.759352646631412,3611.072852421741
999,3.7618920768960247,3431.0681144613463
1000,3.7644564035357795,3428.426017580819
1001,3.7669958338003915,3486.8745403298226
1002,3.7695601604401463,3356.9320679192847
1003,3.772099590704759,3548.759339769461
1004,3.7746390209693703,3476.85456217876
1005,3.777203347609126,3396.136161875029
1006,3.779742777873737,3615.9995647706237
1007,3.782307104513493,3304.584040599987
1008,3.7848465347781053,3505.4683583573806
1009,3.787385965042717,3445.1400645983163
1010,3.7899502916824725,3544.9674838732244
1011,3.792489721947084,3541.1507709420403
1012,3.79505404858684,3356.084261870915
1013,3.797593478851451,3471.9185448239996
1014,3.800132909116064,3473.6885304570587
1015,3.802697235755818,3474.77535739098
1016,3.8052366660204306,3537.5059028649976
1017,3.8078009926601855,3487.073548387096
1018,3.8103404229247975,3392.0540917970884
1019,3.8128798531894095,3436.3748219142662
1020,3.8154441798291647,3384.449591868526
1021,3.8179836100937763,3667.992547405105
1022,3.820547936733532,3631.811650397554
1023,3.823087366998143,3458.64421279427
1024,3.8256267972627556,3720.261864926461
1025,3.8281911239025113,3514.6342953540375
1026,3.8307305541671233,3673.9777754033607
1027,3.833294880806878,3581.406375995536
1028,3.83583431107149,3562.892589744817
1029,3.838373741336102,3514.9331022079296
1030,3.840938067975857,3530.826831108039
1031,3.8434774982404694,3483.4072737939878
1032,3.8460418248802237,3704.087522957023
1033,3.8485812551448366,3575.2976620042446
1034,3.851120685409448,3587.7890962008205
1035,3.8536850120492034,3463.796936045421
1036,3.856224442313815,3518.6909777437104
1037,3.8587887689535707,3771.9136719073576
1038,3.8613281992181823,3699.5333689474774
1039,3.8638676294827947,3634.4132006535356
1040,3.8664319561225495,3455.156151912101
1041,3.8689713863871615,3763.0742492671343
1042,3.8715357130269172,3596.5488498759883
1043,3.8740751432915284,3527.093539211704
1044,3.8766145735561404,3533.6039030474367
1045,3.879178900195896,3609.0447132811887
1046,3.8817183304605085,3610.348797543925
1047,3.884282657100263,3671.8640939927905
1048,3.8868220873648753,3543.350872689941
1049,3.889361517629487,3540.1915781016796
1050,3.891925844269242,3514.7591941348237
1051,3.894465274533854,3638.52622903051
1052,3.89702960117361,3724.042428895712
1053,3.899569031438221,3554.988298587755
1054,3.9021084617028334,3715.513611578386
1055,3.904672788342588,3623.557577806354
1056,3.9072122186072007,3704.173197805474
1057,3.9097765452469555,3640.7458224900647
1058,3.9123159755115675,3695.2536580339392
1059,3.914855405776179,3727.7820905709586
1060,3.9174197324159348,3579.8436880761296
1061,3.919959162680547,3774.230980561551
1062,3.9225234893203016,3616.3794820717158
1063,3.9250629195849145,3480.1551751830216
1064,3.9276023498495256,3703.7735541263346
1065,3.9301666764892813,3580.5474001108078
1066,3.9327061067538924,3570.356891502255
1067,3.935270433393648,3720.727874840582
1068,3.93780986365826,3785.5888043111195
1069,3.940349293922872,3643.758564660234
1070,3.942913620562627,3511.767810026384
1071,3.9454530508272394,3629.9482217518002
1072,3.9480173774669938,3579.758185229689
1073,3.9505568077316062,3628.2755729308574
1074,3.953096237996218,3657.045830756194
1075,3.9556605646359735,3690.078065215642
1076,3.958199994900585,3688.5175392240517
1077,3.9607643215403407,3613.3718224731397
1078,3.9633037518049528,3689.436775382739
1079,3.9658431820695648,3723.8895314892593
1080,3.96840750870932,3597.2807851866805
1081,3.9709469389739316,3558.6251407587406
1082,3.9735112656136873,3729.153576007582
1083,3.9760506958782984,3764.658928912182
1084,3.978590126142911,3750.1416879229723
1085,3.9811544527826657,3718.012802860846
1086,3.983693883047278,3672.442430083869
1087,3.986258209687033,3662.773632337096
1088,3.9887976399516454,3552.0414952992314
1089,3.9913370702162565,3928.799649465359
1090,3.993901396856012,3749.4576328656867
1091,3.9964408271206238,3582.690000580127
1092,3.999005153760379,3627.7087606667246
1093,4.001544584024991,3489.235549812035
1094,4.004084014289603,3649.147749476007
1095,4.006648340929359,3777.5892203668136
1096,4.00918777119397,3803.5199550801653
1097,4.0117520978337255,3676.6152004955525
1098,4.014291528098338,3701.922667440964
1099,4.01683095836295,3705.640732265444
1100,4.019395285002704,3882.751931749932
1101,4.021934715267317,3736.055775090366
1102,4.024499041907071,3789.361855670102
1103,4.027038472171684,3734.6198285039895
1104,4.029577902436295,3564.405151114329
1105,4.032142229076051,3688.6139408338868
1106,4.034681659340663,3591.5853942214753
1107,4.037245985980419,3744.8822848321033
1108,4.03978541624503,3780.6237022225678
1109,4.042324846509643,3779.2794426642504
1110,4.0448891731493966,3704.5562130177445
1111,4.0474286034140095,3752.1049043195526
1112,4.049992930053765,3775.111709203671
1113,4.052532360318376,3736.679985975032
1114,4.055071790582988,3903.604206375291
1115,4.057636117222743,3737.7677797260035
1116,4.060175547487356,3844.8135875458015
1117,4.062739874127111,3714.7972309256534
1118,4.065279304391723,3646.4145199063196
1119,4.067818734656334,3905.081435281282
1120,4.07038306129609,3809.5637937607926
1121,4.072922491560702,3818.5140694178654
1122,4.075486818200456,3885.4204643164258
1123,4.0780262484650684,3788.5944812529115
1124,4.0805656787296805,3775.791737499668
1125,4.083130005369435,3953.551676090651
1126,4.085669435634048,3710.6711330575154
1127,4.088233762273802,3788.816607048692
1128,4.090773192538415,3755.80292866929
1129,4.093312622803026,3938.539798226143
1130,4.095876949442782,3656.619280837897
1131,4.098416379707394,3896.8813836451227
1132,4.1009807063471495,3956.410632178317
1133,4.1035201366117615,3856.4287500598666
1134,4.1060595668763735,3961.3455919709795
1135,4.108623893516129,3977.8879229335867
1136,4.11116332378074,3795.1455198227777
1137,4.113727650420496,3789.979949874685
1138,4.116267080685107,3789.1032631415974
1139,4.11880651094972,3809.8566820136602
1140,4.121370837589475,3806.881673778194
1141,4.123910267854087,3926.701943145023
1142,4.126474594493842,3869.9736860552284
1143,4.129014024758454,3892.354783153282
1144,4.131553455023066,3832.518357650872
1145,4.1341177816628205,3909.1945797560293
1146,4.1366572119274325,3897.2467994168105
1147,4.139221538567188,3886.248650171364
1148,4.141760968831799,3769.571048861576
1149,4.144300399096411,3860.1427230080953
1150,4.146864725736167,3690.120460014557
1151,4.149404156000779,3889.4855864411165
1152,4.151968482640535,3734.6184985323407
1153,4.154507912905146,3585.6987328592486
1154,4.157047343169759,3656.9050446636043
1155,4.159611669809513,3199.1657380432493
1156,4.162151100074126,3188.8304448588015
1157,4.16471542671388,3066.6488403122867
1158,4.167254856978493,2843.157020088749
1159,4.169794287243104,2754.116978825482
1160,4.17235861388286,2706.129993297448
1161,4.174898044147471,2486.530481799806
1162,4.177462370787227,2376.1060080361744
1163,4.180001801051839,2253.4917992370474
1164,4.182541231316451,2221.2249521324065
1165,4.185105557956207,2224.593666875794
1166,4.187644988220818,2171.9855241437426
1167,4.1902093148605735,2207.210836452585
1168,4.192748745125185,2190.24663831217
1169,4.1952881753897975,2073.897124486521
1170,4.197852502029552,2053.3502332132966
1171,4.200391932294164,2081.7981182045196
1172,4.202956258933919,1937.1658044032476
1173,4.205495689198531,2117.4061521864464
1174,4.208035119463143,2084.5006984596253
1175,4.210599446102898,1923.6256062657028
1176,4.21313887636751,2092.42247679489
1177,4.215703203007266,2040.649309876998
1178,4.218242633271877,1988.988868585711
1179,4.22078206353649,2111.696318214161
1180,4.223346390176244,2027.0218288938538
1181,4.2258858204408565,2061.8615429744764
1182,4.228450147080612,2015.6737551635156
1183,4.230989577345224,1981.4903527766073
1184,4.233529007609835,1986.0599609501098
1185,4.236093334249591,2082.9322066377827
1186,4.238632764514203,2048.0639388855284
1187,4.241197091153958,2109.7415659083536
1188,4.243736521418571,1858.998172318933
1189,4.246275951683182,1907.8034955649146
1190,4.2488402783229375,1963.9759256129332
1191,4.251379708587549,2077.459382151733
1192,4.253944035227304,2047.8411015771298
1193,4.256483465491916,1957.5430220330652
1194,4.259022895756528,1929.9781804912755
1195,4.261587222396283,2094.1791044776155
1196,4.264126652660895,2071.7976253544825
1197,4.26669097930065,2106.633633547677
1198,4.269230409565262,1921.177902770598
1199,4.271769839829874,1943.4712449444908
1200,4.27433416646963,2077.7499918750627
1201,4.276873596734241,2046.6154784302887
1202,4.2794379233739965,1996.776838690459
1203,4.281977353638609,1946.4526511310773
1204,4.2845167839032205,2130.8363176611992
1205,4.287081110542976,2106.275170007262
1206,4.289620540807587,2076.006081273376
1207,4.292184867447343,1984.4883784359422
1208,4.294724297711955,1969.7900355695124
1209,4.297263727976567,2012.6915921301306
1210,4.299828054616322,1948.5990044316425
1211,4.302367484880935,1915.0901891773058
1212,4.304931811520689,2042.828433757128
1213,4.307471241785302,1827.6749891276445
1214,4.310010672049913,1955.4830093117912
1215,4.312574998689668,1929.1372403835537
1216,4.31511442895428,1829.3306309861262
1217,4.317678755594035,1972.0086393622578
1218,4.320218185858647,1938.707309052342
1219,4.322757616123259,1909.9373353974752
1220,4.325321942763015,1890.7780143787306
1221,4.327861373027626,2031.90511289891
1222,4.330425699667382,1897.5852155044836
1223,4.332965129931994,1974.9305072924674
1224,4.335504560196606,1954.1550852053604
1225,4.338068886836361,1906.6350344535047
1226,4.340608317100973,2022.5467388640054
1227,4.343172643740727,2030.1250941302342
1228,4.34571207400534,1978.9668538451408
1229,4.348251504269951,1883.5829486224932
1230,4.350815830909707,2000.145341910886
1231,4.353355261174318,1885.2105698179744
1232,4.355919587814074,1937.4285109298155
1233,4.358459018078686,1917.7168039596281
1234,4.360998448343299,1998.9867283337578
1235,4.363562774983053,1903.6957263248603
1236,4.366102205247666,1929.5725134645884
1237,4.368666531887421,1872.7633628443098
1238,4.3712059621520325,1925.0249000411525
1239,4.3737453924166445,1978.305502133649
1240,4.376309719056399,1894.2917897223847
1241,4.378849149321012,2001.4156610480434
1242,4.381413475960767,2053.882890428691
1243,4.383952906225379,1959.3096875566664
1244,4.38649233648999,2034.2861468990614
1245,4.389056663129746,1971.5146862380875
1246,4.391596093394358,1896.8673185863822
1247,4.394160420034113,1961.8012143539838
1248,4.396699850298725,1982.5441102010946
1249,4.399239280563337,1943.2397447584242
1250,4.4018036072030915,2003.8058120322692
1251,4.4043430374677035,2071.124570611435
1252,4.406907364107459,2111.0913187080896
1253,4.409446794372071,2018.9521038028336
1254,4.411986224636682,2036.98080116352
1255,4.414550551276438,2027.7485892701484
1256,4.417089981541051,1952.3878964637302
1257,4.419654308180805,1956.8272666730543
1258,4.422193738445418,2021.9888392047542
1259,4.42473316871003,1916.4669510841059
1260,4.4272974953497855,2084.63442637889
1261,4.429836925614397,2011.6780687248574
1262,4.432401252254152,2015.8411512071089
1263,4.434940682518763,1961.9568488534337
1264,4.437480112783376,1986.3113156519878
1265,4.440044439423131,2008.721835635394
1266,4.442583869687743,1998.8876961200024
1267,4.445148196327498,1913.5383621731514
1268,4.44768762659211,1968.8812181877222
1269,4.450227056856722,1950.8621943975315
1270,4.452791383496477,1959.5364222504425
1271,4.455330813761089,1899.166426397557
1272,4.4578951404008444,1908.0131611330967
1273,4.4604345706654565,2009.2000731337105
1274,4.462974000930068,2006.5746960692773
1275,4.465538327569823,1967.616751255373
1276,4.468077757834435,1826.295386023464
1277,4.47064208447419,1862.1469225946078
1278,4.473181514738802,1995.8752673829406
1279,4.475720945003415,2027.1754444452017
1280,4.478285271643169,2053.352537401636
1281,4.480824701907782,1898.2255007253068
1282,4.483389028547536,1916.4077739077584
1283,4.485928458812149,1951.6284698171373
1284,4.488467889076761,1971.3789792018129
1285,4.491032215716516,2007.2219581454433
1286,4.4935716459811275,2021.9062714305837
1287,4.496135972620883,1984.8612846788283
1288,4.498675402885494,2049.286995122076
1289,4.501214833150107,1973.2341173921047
1290,4.503779159789863,1971.5546773905699
1291,4.506318590054474,1879.07473961795
1292,4.50888291669423,1781.8739117838234
1293,4.511422346958841,1991.6510130120473
1294,4.513961777223454,1811.2354012734518
1295,4.5165261038632085,1928.3110990146588
1296,4.5190655341278205,1781.1475189686387
1297,4.521629860767575,1759.4951863471917
1298,4.524169291032187,1727.1667090029932
1299,4.526708721296799,1717.6583591143944
1300,4.529273047936554,1850.756330611373
1301,4.531812478201166,1767.927367576245
1302,4.534376804840922,1718.7877552630516
1303,4.536916235105533,1888.638747928559
1304,4.539455665370146,1601.9703109670293
1305,4.5420199920099,1673.9478059840767
1306,4.544559422274513,1628.6621771947785
1307,4.547123748914268,1558.0484917776248
1308,4.5496631791788795,1716.917518455211
1309,4.5522026094434915,1494.5219153373246
1310,4.554766936083247,1529.9279642921667
1311,4.557306366347859,1616.2310435469974
1312,4.559870692987614,1470.6915051332376
1313,4.562410123252227,1598.594269057819
1314,4.564949553516838,1444.8341744604163
1315,4.567513880156594,1416.3030088584214
1316,4.570053310421205,1462.5208086550133
1317,4.572617637060961,1412.4582963874968
1318,4.575157067325573,1510.269156577192
1319,4.577696497590185,1345.7174050125027
1320,4.580260824229939,1467.6052623372939
1321,4.582800254494551,1379.703302080296
1322,4.585364581134306,1337.6678191057335
1323,4.587904011398918,1506.536329150867
1324,4.59044344166353,1578.0200712335954
1325,4.593007768303286,1578.032925693205
1326,4.595547198567897,1442.7777330866438
1327,4.598111525207653,1463.2873225801445
1328,4.600650955472265,1390.2966487799904
1329,4.603190385736877,1386.3454402220568
1330,4.6057547123766325,1288.539731874378
1331,4.608294142641244,1338.1049353138528
1332,4.610858469280999,1467.7891689262888
1333,4.61339789954561,1221.4964506234628
1334,4.615937329810223,1316.3206188316976
1335,4.618501656449978,1612.1966554389046
1336,4.621041086714591,1477.6413274364431
1337,4.623605413354345,1399.935805409793
1338,4.626144843618958,1484.0689934595102
1339,4.628684273883569,1470.0270266581115
1340,4.631248600523325,1440.7914389403118
1341,4.633788030787937,1532.3376014427422
1342,4.6363523574276915,1720.716946909165
1343,4.638891787692304,1629.2740148675775
1344,4.6414312179569155,1519.7015689272798
1345,4.643995544596671,1662.2791528968937
1346,4.646534974861282,1557.7606725239657
1347,4.649099301501038,1846.7687108727414
1348,4.65163873176565,1685.7622347336592
1349,4.654178162030262,1812.3080789639725
1350,4.656742488670016,1880.8256598465941
1351,4.659281918934629,1953.7587803421175
1352,4.661846245574384,1979.4987488901415
1353,4.6643856758389965,1999.9704691938223
1354,4.666925106103608,1948.3906875026014
1355,4.669489432743363,2049.4433867046
1356,4.6720288630079745,1828.1625617957561
1357,4.67459318964773,1829.7126322822005
1358,4.677132619912342,1780.0209928611657
1359,4.679672050176954,1690.6233017648428
1360,4.68223637681671,1693.6439152989224
1361,4.684775807081322,2023.6066694492074
1362,4.687340133721078,1543.4291330275728
1363,4.689879563985689,1674.1395289268676
1364,4.692418994250301,1659.6085235126457
1365,4.6949833208900555,1478.7973060880795
1366,4.697522751154668,1503.7447049618177
1367,4.700087077794423,1254.4442452491958
1368,4.702626508059034,1398.8075344216577
1369,4.705165938323646,1223.4688753679256
1370,4.707730264963402,1224.0999512572653
1371,4.710269695228014,1004.965925077794
1372,4.71283402186777,894.6491210567265
1373,4.71537345213238,386.5645600773514
1374,4.717912882396993,243.14260520256903
1375,4.720477209036748,324.5840270892122
1376,4.723016639301361,132.72725311705835
1377,4.725580965941116,317.0165519610073
1378,4.728120396205727,322.30903705143464
1379,4.730659826470339,599.9387808266811
1380,4.733224153110094,1262.1937464753355
1381,4.735763583374707,1908.1884801407014
1382,4.738327910014462,2778.999644001422
1383,4.740867340279074,2919.9073294018635
1384,4.743406770543685,784.3846153846089
1385,4.745971097183441,-1499.1928251121049
1386,4.748510527448053,-753.309957924271
1387,4.751074854087808,-2105.935672514613
1388,4.75361428435242,590.6622516556399
1389,4.7561537146170325,-470.99116781157886
1390,4.758718041256786,-2185.7872999483766
1391,4.761257471521398,-1017.5012774655095
1392,4.763821798161153,-2625.1880424300725
1393,4.766361228425766,-1435.3857945835455
1394,4.768900658690378,-935.7883817427394
1395,4.771464985330134,-1434.6021287379717
1396,4.774004415594744,-845.7868020304686
1397,4.7765687422345,-1675.4847348687688
1398,4.779108172499113,-2423.2690355330064
1399,4.781647602763725,-166.1361141602572
1400,4.78421192940348,-739.349680170574
1401,4.786751359668091,-1837.864229765008
1402,4.789315686307846,-476.0320973989962
1403,4.791855116572458,-924.3243243243331
1404,4.794394546837071,-1607.4654122855507
1405,4.796958873476826,-1306.0554371002097
1406,4.799498303741438,-1688.3606557377022
1407,4.802062630381192,-429.6560988715673
1408,4.804602060645805,-1064.933035714284
1409,4.807141490910417,216.8478260869482
1410,4.809705817550172,-625.0819672131142
1411,4.812245247814784,1094.624145785878
1412,4.814809574454539,-926.1449752882961
1413,4.8173490047191505,407.7638334284103
1414,4.8198884349837625,151.07623318385663
1415,4.822452761623518,-1854.6153846153898
1416,4.82499219188813,-476.50434782608954
1417,4.827556518527886,-207.94247787610016
1418,4.830095948792498,1171.9343493552162
1419,4.832635379057109,207.66707168894732
1420,4.835199705696864,-333.7635705669468
1421,4.837739135961477,-48.151854031787025
1422,4.840303462601232,-1335.7627118644
1423,4.8428428928658445,-1697.4342105263304
1424,4.845382323130455,550.7960741548495
1425,4.84794664977021,-100.02352941177276
1426,4.850486080034822,385.63900666263845
1427,4.853050406674578,-1766.151202749146
1428,4.85558983693919,-247.7247706421956
1429,4.858129267203801,48.75870069605605
1430,4.860693593843557,-364.0465116279146
1431,4.863233024108169,-1430.4979733642099
1432,4.865797350747925,-2304.050139275769
1433,4.868336781012536,-787.1303805364859
1434,4.870876211277149,-151.4161490683323
1435,4.873440537916903,-379.83050847456605
1436,4.8759799681815155,-201.19466343238128
1437,4.87854429482127,-776.2679425837362
1438,4.881083725085882,-2955.935334872985
1439,4.883623155350494,-796.0740740740638
1440,4.88618748199025,-378.76903553300826
1441,4.888726912254861,-204.27207637232118
1442,4.891291238894617,-448.6721025043746
1443,4.893830669159228,-1392.9328621907985
1444,4.896370099423841,-1814.288354898345
1445,4.898934426063596,-1692.4372320881694
1446,4.9014738563282085,-261.51969981237755
1447,4.9040381829679625,-1144.5762711864325
1448,4.9065776132325745,194.92164828786372
1449,4.9091170434971865,-397.68953068591577
1450,4.911681370136942,-1217.2760511882993
1451,4.914220800401554,-2224.285714285712
1452,4.916785127041308,-1370.18450184502
1453,4.919324557305921,912.8295819935754
1454,4.921863987570533,-1728.8967286722386
1455,4.924428314210289,-951.7686250757038
1456,4.9269677444749,-1162.5000000000027
1457,4.9295320711146555,-703.2972972972952
1458,4.932071501379267,-639.8927613940989
1459,4.9346109316438795,-720.1910828025457
1460,4.937175258283634,-350.9727626459189
1461,4.939714688548246,18.474576271174328
1462,4.942279015188001,-1354.2105263157912
1463,4.944818445452614,-2209.94815294881
1464,4.947357875717225,331.51105651105036
1465,4.949922202356981,81.77922077922165
1466,4.952461632621592,-1021.4566687154337
1467,4.955025959261348,-987.6937618147363
1468,4.95756538952596,-1458.2337662337648
1469,4.960104819790573,-406.0889470241988
1470,4.9626691464303265,-1214.8601615910572
1471,4.9652085766949385,166.83944374210841
1472,4.967772903334693,561.0863182618907
1473,4.970312333599306,-1358.037735849071
1474,4.972851763863918,934.8160535117049
1475,4.975416090503672,-1008.8822355289444
1476,4.977955520768284,-906.4552238805979
1477,4.98051984740804,-1547.2435105067893
1478,4.983059277672653,-2353.3187226048826
1479,4.985598707937264,43.8282763072998
1480,4.98816303457702,186.4600638977679
1481,4.990702464841631,-2394.793388429741
1482,4.993266791481386,-707.454545454544
1483,4.995806221745998,-256.8528864059712
1484,4.99834565201061,238.53608247422608
1485,5.000909978650365,-5303.833292353075
# Label: image 32
# distance_source_detector (m): 15.890000
# detector_offset (micros): 4200.000000
# number of bragg edges: 8
# List of elements: inconel